,topK,shrink,similarity,normalize,asymmetric_alpha,feature_weighting
0,766,988,asymmetric,True,1.7843806694191096,TF-IDF
1,88,730,asymmetric,True,1.0602200108196205,TF-IDF
2,251,322,asymmetric,True,1.7090929961011168,TF-IDF
3,859,1584,asymmetric,True,1.5074661540579912,TF-IDF
4,837,1159,asymmetric,True,1.315430601819609,TF-IDF
5,672,521,asymmetric,True,0.10668786884881623,TF-IDF
6,691,1823,asymmetric,True,0.2426244392836306,TF-IDF
7,200,417,asymmetric,True,0.6566441697412427,TF-IDF
8,384,1830,asymmetric,True,0.7174931782795798,TF-IDF
9,808,1959,asymmetric,True,1.1515406509038855,TF-IDF
10,777,1177,asymmetric,True,0.7991337938198477,TF-IDF
11,631,25,asymmetric,True,1.761375305831859,TF-IDF
12,316,268,asymmetric,True,1.5901135563119668,TF-IDF
13,131,576,asymmetric,True,1.7368896095464976,TF-IDF
14,865,269,asymmetric,True,1.486184719509502,TF-IDF
15,208,469,asymmetric,True,1.6818980216918649,TF-IDF
16,298,504,asymmetric,True,1.1877738192008063,TF-IDF
17,369,1692,asymmetric,True,1.7824636879003668,TF-IDF
18,192,1042,asymmetric,True,0.4296722793076454,TF-IDF
19,880,1925,asymmetric,True,1.642074047717223,TF-IDF
20,729,746,asymmetric,True,0.30916817441128847,TF-IDF
21,648,1028,asymmetric,True,1.9191795053381293,TF-IDF
22,695,658,asymmetric,True,1.7554913420742455,TF-IDF
23,558,902,asymmetric,True,1.2701815304230373,TF-IDF
24,151,783,asymmetric,True,1.1359523612200708,TF-IDF
25,445,1286,asymmetric,True,1.2018132120355527,TF-IDF
26,413,290,asymmetric,True,0.2686337167338269,TF-IDF
27,680,1734,asymmetric,True,1.9702093858106213,TF-IDF
28,329,1308,asymmetric,True,0.6921570099512763,TF-IDF
29,430,245,asymmetric,True,0.0891899023941627,TF-IDF
30,900,2000,asymmetric,True,0.0,TF-IDF
31,900,0,asymmetric,True,0.0,TF-IDF
32,61,7,asymmetric,True,0.06109413358245132,TF-IDF
33,899,1741,asymmetric,True,0.5041723847126464,TF-IDF
34,414,1975,asymmetric,True,0.03268008715436977,TF-IDF
35,570,2000,asymmetric,True,0.47232915921779495,TF-IDF
36,813,1254,asymmetric,True,0.0660820614188684,TF-IDF
37,802,2000,asymmetric,True,0.3436184214514564,TF-IDF
38,900,0,asymmetric,True,0.4654590410428872,TF-IDF
39,780,0,asymmetric,True,0.3798211103373408,TF-IDF
40,610,0,asymmetric,True,0.4410466532692934,TF-IDF
41,77,1936,asymmetric,True,0.002781976613714932,TF-IDF
42,64,1995,asymmetric,True,0.7608091441976506,TF-IDF
43,899,849,asymmetric,True,1.9901518865402192,TF-IDF
44,738,2000,asymmetric,True,0.0,TF-IDF
45,52,1979,asymmetric,True,1.8825354664458473,TF-IDF
46,254,1979,asymmetric,True,0.0843868710809519,TF-IDF
47,900,830,asymmetric,True,0.28154440123673374,TF-IDF
48,495,1,asymmetric,True,0.782982274357189,TF-IDF
49,553,709,asymmetric,True,0.4178503634686156,TF-IDF
50,830,448,asymmetric,True,0.3711104435170541,TF-IDF
51,282,17,asymmetric,True,0.02091454804320381,TF-IDF
52,718,0,asymmetric,True,0.4851814100441426,TF-IDF
53,595,1994,asymmetric,True,1.185986946429096,TF-IDF
54,892,21,asymmetric,True,0.9428247217189867,TF-IDF
55,245,1966,asymmetric,True,0.9697635425739943,TF-IDF
56,900,2000,asymmetric,True,0.20997592701458578,TF-IDF
57,713,31,asymmetric,True,0.9878223509812858,TF-IDF
58,899,1998,asymmetric,True,0.9065932492636248,TF-IDF
59,566,1964,asymmetric,True,0.06516750866911526,TF-IDF
60,517,0,asymmetric,True,0.4499715271091395,TF-IDF
61,821,0,asymmetric,True,0.3108225385029923,TF-IDF
62,826,40,asymmetric,True,1.9931890914421573,TF-IDF
63,303,1172,asymmetric,True,0.04050936906632097,TF-IDF
64,52,31,asymmetric,True,1.9798844625773935,TF-IDF
65,280,1991,asymmetric,True,1.9899415014357196,TF-IDF
66,776,1304,asymmetric,True,0.30202976784916175,TF-IDF
67,812,0,asymmetric,True,0.4720915003215304,TF-IDF
68,648,1998,asymmetric,True,0.7864798271683535,TF-IDF
69,727,0,asymmetric,True,0.31980011348690796,TF-IDF
70,764,247,asymmetric,True,0.3271187506278011,TF-IDF
71,652,1162,asymmetric,True,0.31679167375172285,TF-IDF
72,346,1987,asymmetric,True,0.30498803961070436,TF-IDF
73,878,1957,asymmetric,True,1.9933619559646683,TF-IDF
74,356,13,asymmetric,True,0.685453152806406,TF-IDF
75,56,30,asymmetric,True,0.678074118777488,TF-IDF
76,757,0,asymmetric,True,0.3721245703663696,TF-IDF
77,160,1995,asymmetric,True,1.4021677701654018,TF-IDF
78,598,1986,asymmetric,True,1.5830794380595594,TF-IDF
79,671,308,asymmetric,True,0.353496510345423,TF-IDF
80,75,385,asymmetric,True,1.475832818208841,TF-IDF
81,885,892,asymmetric,True,1.7625306287001443,TF-IDF
82,563,867,asymmetric,True,0.37753716165624096,TF-IDF
83,799,2000,asymmetric,True,0.15541652857440091,TF-IDF
84,261,1520,asymmetric,True,1.780551710325949,TF-IDF
85,611,2,asymmetric,True,0.007309863753741432,TF-IDF
86,455,1275,asymmetric,True,1.7979852668408691,TF-IDF
87,775,1334,asymmetric,True,0.8905255682766047,TF-IDF
88,714,0,asymmetric,True,0.3729397812188366,TF-IDF
89,748,0,asymmetric,True,0.35313435815821137,TF-IDF
90,762,850,asymmetric,True,0.14978600701879222,TF-IDF
91,274,1149,asymmetric,True,1.6064962898084474,TF-IDF
92,818,1065,asymmetric,True,1.8950652256981437,TF-IDF
93,767,0,asymmetric,True,0.38435229097709667,TF-IDF
94,504,199,asymmetric,True,0.15795194269150373,TF-IDF
95,747,0,asymmetric,True,0.3588915071954255,TF-IDF
96,316,997,asymmetric,True,1.2078522118038124,TF-IDF
97,670,0,asymmetric,True,0.3610865189150563,TF-IDF
98,277,1567,asymmetric,True,0.05511044006428324,TF-IDF
99,761,0,asymmetric,True,0.36426736606723664,TF-IDF
