,topK,shrink,similarity,normalize
0,673,0,dice,False
1,641,0,dice,False
2,743,0,dice,True
3,795,1,dice,True
4,788,1,dice,False
5,739,0,dice,True
6,619,1,dice,True
7,763,0,dice,True
8,642,1,dice,True
9,601,1,dice,False
10,793,0,dice,True
11,758,0,dice,True
12,632,0,dice,False
13,601,1,dice,False
14,673,1,dice,True
15,735,0,dice,False
16,663,0,dice,True
17,605,1,dice,True
18,617,1,dice,False
19,746,1,dice,False
20,615,0,dice,False
21,633,1,dice,False
22,792,1,dice,False
23,689,0,dice,False
24,602,0,dice,True
25,611,1,dice,False
26,742,0,dice,True
27,665,1,dice,False
28,699,0,dice,True
29,735,0,dice,False
30,659,1,dice,True
31,634,1,dice,True
32,745,0,dice,True
33,743,1,dice,False
34,787,0,dice,True
35,656,1,dice,False
36,795,0,dice,False
37,657,0,dice,True
38,661,1,dice,False
39,787,0,dice,False
40,628,1,dice,False
41,658,1,dice,False
42,675,0,dice,True
43,772,0,dice,False
44,737,0,dice,True
45,660,1,dice,False
46,650,1,dice,False
47,629,0,dice,True
48,655,1,dice,True
49,653,1,dice,True
50,799,1,dice,False
51,761,1,dice,False
52,672,0,dice,False
53,654,1,dice,False
54,645,1,dice,True
55,661,1,dice,True
56,758,1,dice,True
57,679,0,dice,True
58,657,1,dice,True
59,758,0,dice,False
60,654,1,dice,True
61,737,1,dice,True
62,678,1,dice,False
63,712,0,dice,False
64,607,1,dice,False
65,652,1,dice,False
66,775,0,dice,False
67,742,0,dice,True
68,653,0,dice,True
69,671,0,dice,False
70,781,0,dice,False
71,660,0,dice,True
72,733,0,dice,False
73,760,0,dice,True
74,610,1,dice,True
75,663,1,dice,False
76,627,1,dice,True
77,677,0,dice,False
78,718,1,dice,False
79,668,0,dice,False
80,669,1,dice,True
81,622,0,dice,True
82,655,1,dice,False
83,722,1,dice,False
84,655,1,dice,True
85,785,0,dice,True
86,734,1,dice,False
87,624,0,dice,True
88,615,0,dice,True
89,735,0,dice,True
90,688,0,dice,False
91,726,1,dice,True
92,778,0,dice,True
93,617,0,dice,False
94,633,1,dice,True
95,729,1,dice,False
96,696,1,dice,False
97,655,1,dice,False
98,643,1,dice,False
99,655,1,dice,True
