,topK,shrink,similarity,normalize
0,740,1,jaccard,True
1,614,1,jaccard,True
2,632,0,jaccard,False
3,774,0,jaccard,False
4,678,0,jaccard,True
5,778,0,jaccard,False
6,761,1,jaccard,False
7,611,1,jaccard,True
8,694,0,jaccard,False
9,704,1,jaccard,False
10,777,1,jaccard,True
11,782,1,jaccard,True
12,651,1,jaccard,False
13,789,1,jaccard,False
14,737,0,jaccard,False
15,755,0,jaccard,True
16,644,1,jaccard,True
17,654,1,jaccard,False
18,655,1,jaccard,False
19,748,0,jaccard,False
20,647,1,jaccard,False
21,749,0,jaccard,True
22,675,0,jaccard,False
23,666,0,jaccard,True
24,681,1,jaccard,False
25,627,0,jaccard,True
26,684,0,jaccard,True
27,729,0,jaccard,True
28,667,1,jaccard,False
29,647,1,jaccard,False
30,659,0,jaccard,False
31,658,1,jaccard,True
32,789,0,jaccard,False
33,784,0,jaccard,True
34,605,1,jaccard,True
35,673,1,jaccard,True
36,655,0,jaccard,True
37,620,0,jaccard,True
38,659,1,jaccard,False
39,646,0,jaccard,False
40,746,1,jaccard,False
41,657,1,jaccard,False
42,760,1,jaccard,False
43,632,0,jaccard,True
44,791,0,jaccard,False
45,786,1,jaccard,True
46,727,1,jaccard,True
47,662,1,jaccard,False
48,657,1,jaccard,False
49,660,1,jaccard,False
50,795,1,jaccard,True
51,671,0,jaccard,False
52,689,1,jaccard,False
53,660,1,jaccard,False
54,660,1,jaccard,False
55,660,1,jaccard,False
56,660,1,jaccard,True
57,660,1,jaccard,True
58,610,0,jaccard,True
59,604,0,jaccard,True
60,772,0,jaccard,False
61,660,1,jaccard,True
62,782,0,jaccard,True
63,660,1,jaccard,True
64,609,1,jaccard,True
65,660,1,jaccard,False
66,800,1,jaccard,True
67,660,1,jaccard,True
68,750,1,jaccard,True
69,630,0,jaccard,True
70,660,1,jaccard,False
71,660,1,jaccard,True
72,738,0,jaccard,False
73,791,0,jaccard,True
74,748,1,jaccard,False
75,757,0,jaccard,True
76,664,1,jaccard,False
77,660,1,jaccard,False
78,660,1,jaccard,True
79,715,0,jaccard,False
80,660,1,jaccard,False
81,660,1,jaccard,False
82,647,0,jaccard,False
83,660,1,jaccard,True
84,781,1,jaccard,False
85,660,1,jaccard,False
86,664,1,jaccard,False
87,616,0,jaccard,False
88,746,0,jaccard,False
89,660,1,jaccard,True
90,660,1,jaccard,False
91,729,0,jaccard,True
92,658,1,jaccard,False
93,660,1,jaccard,True
94,635,1,jaccard,False
95,757,0,jaccard,False
96,676,0,jaccard,True
97,660,1,jaccard,True
98,785,1,jaccard,False
99,660,1,jaccard,True
