,topK,shrink,similarity,normalize,asymmetric_alpha,feature_weighting
0,620,0,asymmetric,True,1.0129896023435416,BM25
1,796,0,asymmetric,True,1.2264649094837716,TF-IDF
2,651,0,asymmetric,True,1.169050986509245,TF-IDF
3,624,0,asymmetric,True,0.6235252709495002,TF-IDF
4,675,0,asymmetric,True,0.331442733951328,TF-IDF
5,622,0,asymmetric,True,1.6998472598554162,BM25
6,779,1,asymmetric,True,1.8537655601228566,none
7,617,0,asymmetric,True,1.0005134928704469,TF-IDF
8,637,0,asymmetric,True,0.4665032041442879,TF-IDF
9,722,1,asymmetric,True,1.4844785585201166,none
10,769,0,asymmetric,True,0.2094344830114368,TF-IDF
11,738,0,asymmetric,True,1.0240336551872729,TF-IDF
12,787,0,asymmetric,True,0.9167440729567318,none
13,653,0,asymmetric,True,1.4321292556246372,BM25
14,710,0,asymmetric,True,1.235998994348674,TF-IDF
15,662,1,asymmetric,True,1.828977196663298,none
16,706,1,asymmetric,True,0.4145935172610026,TF-IDF
17,614,0,asymmetric,True,1.158125036026328,TF-IDF
18,731,0,asymmetric,True,0.06631193829994887,TF-IDF
19,689,0,asymmetric,True,0.5742751367002802,TF-IDF
20,715,0,asymmetric,True,1.7812413745795037,TF-IDF
21,620,1,asymmetric,True,1.1830707292381208,BM25
22,689,1,asymmetric,True,0.7929859324590873,TF-IDF
23,676,1,asymmetric,True,1.4449239593089678,TF-IDF
24,780,1,asymmetric,True,0.3711660178591612,TF-IDF
25,707,0,asymmetric,True,1.6318194877521635,TF-IDF
26,650,0,asymmetric,True,0.5366900062191852,none
27,633,1,asymmetric,True,0.47728414536187114,BM25
28,707,0,asymmetric,True,1.470068877946191,TF-IDF
29,687,1,asymmetric,True,1.4735285101186146,TF-IDF
30,800,0,asymmetric,True,0.0,none
31,799,0,asymmetric,True,0.0027789692075852472,BM25
32,799,0,asymmetric,True,0.4508695889132469,none
33,800,0,asymmetric,True,0.5011697057891352,TF-IDF
34,800,0,asymmetric,True,0.4978850672145243,TF-IDF
35,602,0,asymmetric,True,0.19726495831433072,none
36,796,1,asymmetric,True,1.999739187228333,BM25
37,602,1,asymmetric,True,1.081783830630888,none
38,800,0,asymmetric,True,0.49528986885011517,TF-IDF
39,800,0,asymmetric,True,0.49532006060860273,TF-IDF
40,799,1,asymmetric,True,0.6777656506547326,BM25
41,617,0,asymmetric,True,0.0010942550749299953,none
42,606,1,asymmetric,True,1.9951879389981255,TF-IDF
43,604,1,asymmetric,True,0.021960640307774785,BM25
44,800,1,asymmetric,True,0.4422245754623684,none
45,800,1,asymmetric,True,0.4431925906493294,none
46,600,1,asymmetric,True,0.7498787732794775,none
47,604,1,asymmetric,True,0.0029114219906947185,TF-IDF
48,800,1,asymmetric,True,0.440941453616181,none
49,800,1,asymmetric,True,1.9881507732184123,TF-IDF
50,800,0,asymmetric,True,1.1590863929938129,BM25
51,794,1,asymmetric,True,0.6815919678852568,none
52,604,0,asymmetric,True,1.9987232840781584,BM25
53,800,1,asymmetric,True,0.4287285182699588,none
54,800,1,asymmetric,True,0.43596781483055447,none
55,627,1,asymmetric,True,1.2078955450468034,TF-IDF
56,786,1,asymmetric,True,0.0064742848048049435,TF-IDF
57,628,0,asymmetric,True,1.99956511278735,none
58,798,1,asymmetric,True,1.1654956454068461,none
59,799,0,asymmetric,True,0.2874116141103829,BM25
60,621,0,asymmetric,True,1.406813804696245,TF-IDF
61,794,1,asymmetric,True,0.13141661383225503,none
62,719,0,asymmetric,True,1.4737156013658121,TF-IDF
63,800,1,asymmetric,True,0.4100359750558777,none
64,800,1,asymmetric,True,0.41000857526244683,none
65,783,1,asymmetric,True,0.07068102861262095,TF-IDF
66,646,1,asymmetric,True,1.6437083482063357,none
67,800,1,asymmetric,True,0.40888841363404427,none
68,626,1,asymmetric,True,1.2433294137268944,TF-IDF
69,742,1,asymmetric,True,0.4273436571875982,none
70,666,0,asymmetric,True,1.9742145819202084,BM25
71,783,1,asymmetric,True,0.9502233570178416,TF-IDF
72,780,1,asymmetric,True,0.042538298641719104,TF-IDF
73,737,1,asymmetric,True,0.42908281964179895,none
74,723,1,asymmetric,True,0.4315034258997812,none
75,750,0,asymmetric,True,1.7902970140332894,TF-IDF
76,685,0,asymmetric,True,0.7837588502345425,BM25
77,730,1,asymmetric,True,0.4298927649447925,none
78,722,1,asymmetric,True,0.43121561596160113,none
79,724,1,asymmetric,True,0.4308164803098525,none
80,727,1,asymmetric,True,0.43019524918942387,none
81,795,0,asymmetric,True,0.08110931268022294,TF-IDF
82,726,1,asymmetric,True,0.43022359678052413,none
83,688,1,asymmetric,True,1.5272651345755115,BM25
84,752,1,asymmetric,True,0.418215145629823,TF-IDF
85,778,1,asymmetric,True,1.5089889058133457,TF-IDF
86,729,1,asymmetric,True,0.4327468501954991,none
87,685,1,asymmetric,True,0.9888237926894852,TF-IDF
88,601,0,asymmetric,True,1.2944295674946387,none
89,686,1,asymmetric,True,0.8757013462115177,BM25
90,736,1,asymmetric,True,1.1253300258789463,TF-IDF
91,678,0,asymmetric,True,0.4522842608445524,TF-IDF
92,670,0,asymmetric,True,0.4530774804059235,TF-IDF
93,600,0,asymmetric,True,0.46177198496789373,TF-IDF
94,704,1,asymmetric,True,0.446682057237096,TF-IDF
95,709,1,asymmetric,True,0.44472994690662365,TF-IDF
96,705,1,asymmetric,True,0.4452903494971692,TF-IDF
97,707,1,asymmetric,True,0.44428159026791053,TF-IDF
98,706,1,asymmetric,True,0.44451584379354075,TF-IDF
99,706,1,asymmetric,True,0.4441454444461547,TF-IDF
