,topK,shrink,similarity,normalize,asymmetric_alpha,feature_weighting
0,34,1957,asymmetric,True,1.5094990730582936,TF-IDF
1,15,385,asymmetric,True,1.6955068715313069,TF-IDF
2,122,2500,asymmetric,True,0.474155530528258,TF-IDF
3,128,2516,asymmetric,True,1.013852673205928,TF-IDF
4,177,1583,asymmetric,True,1.448172012330855,TF-IDF
5,27,696,asymmetric,True,1.240911351145148,TF-IDF
6,79,1154,asymmetric,True,0.2275231356898298,TF-IDF
7,83,205,asymmetric,True,1.5901427266319268,TF-IDF
8,55,1368,asymmetric,True,0.31669896989102436,TF-IDF
9,190,1834,asymmetric,True,0.8763596696220897,TF-IDF
10,123,2556,asymmetric,True,1.745690986263183,TF-IDF
11,112,2207,asymmetric,True,0.39879543619741786,TF-IDF
12,11,274,asymmetric,True,0.2535682576388996,TF-IDF
13,101,65,asymmetric,True,0.7576655814117956,TF-IDF
14,88,2247,asymmetric,True,0.7151686812304755,TF-IDF
15,164,1864,asymmetric,True,1.0788089005352737,TF-IDF
16,125,832,asymmetric,True,1.2236288581161494,TF-IDF
17,52,1228,asymmetric,True,1.1599595579016588,TF-IDF
18,41,2740,asymmetric,True,0.0005212187549418142,TF-IDF
19,175,60,asymmetric,True,0.0017833786619536611,TF-IDF
20,10,3000,asymmetric,True,0.24298760609642509,TF-IDF
21,178,43,asymmetric,True,0.505521643345953,TF-IDF
22,26,2993,asymmetric,True,1.999952611801907,TF-IDF
23,193,2811,asymmetric,True,0.1369301486083341,TF-IDF
24,10,1214,asymmetric,True,0.43828835983327813,TF-IDF
25,200,0,asymmetric,True,0.3296216430588539,TF-IDF
26,200,3000,asymmetric,True,0.44894569856549515,TF-IDF
27,85,0,asymmetric,True,0.3237364595792022,TF-IDF
28,84,3000,asymmetric,True,0.28467285306261464,TF-IDF
29,20,134,asymmetric,True,0.00046204811263916856,TF-IDF
30,190,135,asymmetric,True,1.9714272374039523,TF-IDF
31,200,2880,asymmetric,True,0.00779932728253341,TF-IDF
32,45,3000,asymmetric,True,0.14553497202288324,TF-IDF
33,11,2966,asymmetric,True,0.5543745856303909,TF-IDF
34,199,2992,asymmetric,True,0.589660889605412,TF-IDF
35,11,8,asymmetric,True,0.625994396313195,TF-IDF
36,10,99,asymmetric,True,0.889810637000781,TF-IDF
37,197,44,asymmetric,True,0.1133257618980941,TF-IDF
38,195,98,asymmetric,True,0.6600649833077664,TF-IDF
39,10,3000,asymmetric,True,0.11277157051648873,TF-IDF
40,118,2941,asymmetric,True,0.018408091259853435,TF-IDF
41,196,2949,asymmetric,True,1.9946905887847686,TF-IDF
42,88,149,asymmetric,True,0.5232787864274552,TF-IDF
43,88,110,asymmetric,True,0.0881870341286073,TF-IDF
44,16,2920,asymmetric,True,0.800390911743807,TF-IDF
45,68,3000,asymmetric,True,0.10515764255851665,TF-IDF
46,152,26,asymmetric,True,0.21504689519614534,TF-IDF
47,51,0,asymmetric,True,0.23242851566431982,TF-IDF
48,14,119,asymmetric,True,1.9903329512012764,TF-IDF
49,199,2609,asymmetric,True,0.2968150423128236,TF-IDF
50,44,3000,asymmetric,True,0.21639905392386827,TF-IDF
51,199,269,asymmetric,True,1.7449978552288348,TF-IDF
52,40,1930,asymmetric,True,0.18845200101495616,TF-IDF
53,43,1783,asymmetric,True,0.16652496927750665,TF-IDF
54,36,1750,asymmetric,True,0.22066477537843251,TF-IDF
55,48,2876,asymmetric,True,0.44747664505512297,TF-IDF
56,12,2995,asymmetric,True,1.111850756585412,TF-IDF
57,199,1481,asymmetric,True,0.5185260946912026,TF-IDF
58,194,2943,asymmetric,True,1.2897696049443448,TF-IDF
59,199,1,asymmetric,True,1.2484855867175142,TF-IDF
