,topK,shrink,similarity,normalize,asymmetric_alpha,feature_weighting
0,487,755,asymmetric,True,0.2679432103608584,BM25
1,347,461,asymmetric,True,0.17839834875636076,BM25
2,467,592,asymmetric,True,1.1630861957225556,BM25
3,201,936,asymmetric,True,1.8230215998328072,none
4,270,337,asymmetric,True,0.7112902074241286,TF-IDF
5,418,167,asymmetric,True,1.2879743253401992,TF-IDF
6,204,532,asymmetric,True,1.7974044869820207,TF-IDF
7,593,168,asymmetric,True,1.986362528312267,BM25
8,752,237,asymmetric,True,1.2152892126343262,TF-IDF
9,274,451,asymmetric,True,1.1182895273098046,TF-IDF
10,494,110,asymmetric,True,1.4728336472597952,TF-IDF
11,406,909,asymmetric,True,0.12311475414828002,none
12,628,233,asymmetric,True,1.149498521392375,none
13,176,724,asymmetric,True,0.8339644855475452,TF-IDF
14,518,239,asymmetric,True,1.971977055322468,BM25
15,329,939,asymmetric,True,1.9537446297302572,TF-IDF
16,791,402,asymmetric,True,0.03503310021811657,TF-IDF
17,441,586,asymmetric,True,1.3145676242379867,TF-IDF
18,139,422,asymmetric,True,0.6393065101986474,TF-IDF
19,726,83,asymmetric,True,1.6919236359910208,none
20,260,971,asymmetric,True,0.8391027989036728,BM25
21,501,706,asymmetric,True,1.946459236426151,none
22,703,827,asymmetric,True,1.7927432193372228,TF-IDF
23,887,852,asymmetric,True,0.3819107906910063,none
24,989,945,asymmetric,True,0.004501556020087617,none
25,831,475,asymmetric,True,1.7444767283033498,TF-IDF
26,289,928,asymmetric,True,1.7558038619453047,none
27,14,763,asymmetric,True,0.34119454586025905,TF-IDF
28,254,2,asymmetric,True,0.7211013543144155,TF-IDF
29,495,945,asymmetric,True,0.47548483975898537,TF-IDF
30,778,3,asymmetric,True,0.20626193056865688,none
31,115,0,asymmetric,True,0.3083712704482743,TF-IDF
32,298,1,asymmetric,True,0.6472584418131814,none
33,952,16,asymmetric,True,0.7926015613948596,BM25
34,997,983,asymmetric,True,0.8872676283778178,none
35,247,5,asymmetric,True,1.5261713124252423,BM25
36,5,0,asymmetric,True,0.3220087296637672,TF-IDF
37,386,231,asymmetric,True,0.2852580139387237,TF-IDF
38,253,1000,asymmetric,True,0.27890678263618246,TF-IDF
39,255,305,asymmetric,True,0.35988221077525706,TF-IDF
40,302,0,asymmetric,True,0.2300696134921878,TF-IDF
41,320,174,asymmetric,True,0.30405737879085976,TF-IDF
42,303,171,asymmetric,True,0.3128665211679047,TF-IDF
43,299,150,asymmetric,True,0.31073691404136916,TF-IDF
44,292,147,asymmetric,True,0.3100536001868068,TF-IDF
45,351,0,asymmetric,True,0.29728722153464043,TF-IDF
46,394,0,asymmetric,True,0.30912547980063737,TF-IDF
47,504,0,asymmetric,True,0.3224409410156052,TF-IDF
48,340,0,asymmetric,True,0.31868402203875934,TF-IDF
49,352,0,asymmetric,True,0.31490186721448843,TF-IDF
50,322,0,asymmetric,True,0.32282059666697893,TF-IDF
51,333,0,asymmetric,True,0.3188714848787411,TF-IDF
52,310,0,asymmetric,True,0.3226454418465698,TF-IDF
53,308,0,asymmetric,True,0.324308975559649,TF-IDF
54,318,0,asymmetric,True,0.3228891678519267,TF-IDF
55,300,0,asymmetric,True,0.325758096888364,TF-IDF
56,323,0,asymmetric,True,0.3285989845563436,TF-IDF
57,314,0,asymmetric,True,0.33144916009732034,TF-IDF
58,312,0,asymmetric,True,0.3377580960507252,TF-IDF
59,295,0,asymmetric,True,0.33688906486739156,TF-IDF
60,999,0,asymmetric,True,0.3326217331180517,TF-IDF
61,298,0,asymmetric,True,0.3502609977717805,TF-IDF
62,292,0,asymmetric,True,0.3496168755152119,TF-IDF
63,111,0,asymmetric,True,0.0,TF-IDF
64,378,0,asymmetric,True,0.3749429763624572,TF-IDF
65,321,0,asymmetric,True,0.36475265270609886,TF-IDF
66,319,0,asymmetric,True,0.3654158318252662,TF-IDF
67,320,0,asymmetric,True,0.3651884126922301,TF-IDF
68,311,0,asymmetric,True,0.3654336034754703,TF-IDF
69,323,0,asymmetric,True,0.3630477997650848,TF-IDF
70,303,0,asymmetric,True,0.36533890794361895,TF-IDF
71,302,0,asymmetric,True,0.36432288197387847,TF-IDF
72,298,0,asymmetric,True,0.3639665502748781,TF-IDF
73,294,0,asymmetric,True,0.3647798861076307,TF-IDF
74,290,0,asymmetric,True,0.3648446723226595,TF-IDF
75,287,0,asymmetric,True,0.36476987211037076,TF-IDF
76,286,0,asymmetric,True,0.3648128037580627,TF-IDF
77,285,0,asymmetric,True,0.36377763122582085,TF-IDF
78,270,0,asymmetric,True,0.35889191795742426,TF-IDF
79,279,0,asymmetric,True,0.3628518139062312,TF-IDF
80,279,0,asymmetric,True,0.36409739258835766,TF-IDF
81,264,0,asymmetric,True,0.35799330482167435,TF-IDF
82,283,0,asymmetric,True,0.36629659161807765,TF-IDF
83,282,0,asymmetric,True,0.3662922829640478,TF-IDF
84,280,0,asymmetric,True,0.36638456283471915,TF-IDF
85,277,0,asymmetric,True,0.3649696791453989,TF-IDF
86,260,0,asymmetric,True,0.3603809671493817,TF-IDF
87,280,0,asymmetric,True,0.3675479102237977,TF-IDF
88,277,0,asymmetric,True,0.3661582657898463,TF-IDF
89,277,0,asymmetric,True,0.3673982051568724,TF-IDF
90,253,6,asymmetric,True,0.3568548815903357,TF-IDF
91,1000,155,asymmetric,True,0.0,BM25
92,460,0,asymmetric,True,0.3703479631879059,TF-IDF
93,473,0,asymmetric,True,0.37558528233438143,TF-IDF
94,183,452,asymmetric,True,0.3671617051253977,TF-IDF
95,305,0,asymmetric,True,0.3598614922927471,TF-IDF
96,302,0,asymmetric,True,0.3596533895154126,TF-IDF
97,300,0,asymmetric,True,0.3594286015290745,TF-IDF
98,302,0,asymmetric,True,0.36143458016870395,TF-IDF
99,301,0,asymmetric,True,0.36133326328129894,TF-IDF
