,topK,shrink,similarity,normalize,asymmetric_alpha,feature_weighting
0,149,251,asymmetric,True,0.38097550119461376,none
1,823,881,asymmetric,True,0.8266256005082646,TF-IDF
2,429,495,asymmetric,True,1.7033127555751473,BM25
3,992,450,asymmetric,True,0.7894854721423199,none
4,948,561,asymmetric,True,1.580095069086174,none
5,715,557,asymmetric,True,0.6985959227877817,none
6,746,821,asymmetric,True,1.6970288186672753,TF-IDF
7,739,976,asymmetric,True,1.6004146992400392,BM25
8,118,293,asymmetric,True,1.593199440411198,TF-IDF
9,472,776,asymmetric,True,1.6840530768077646,none
10,361,662,asymmetric,True,0.3597951669791813,TF-IDF
11,805,479,asymmetric,True,1.3304677466447945,TF-IDF
12,990,527,asymmetric,True,1.4176083686799827,BM25
13,124,324,asymmetric,True,1.6335812128339582,none
14,49,943,asymmetric,True,0.2519635536400711,none
15,894,625,asymmetric,True,0.5850572837585452,none
16,124,202,asymmetric,True,1.5338091521996118,TF-IDF
17,268,430,asymmetric,True,1.3689342038981758,BM25
18,847,420,asymmetric,True,1.5355000650467887,BM25
19,142,392,asymmetric,True,1.117363687929872,TF-IDF
20,353,547,asymmetric,True,0.4474616734123825,TF-IDF
21,139,56,asymmetric,True,0.74009599386233,TF-IDF
22,699,66,asymmetric,True,0.07898330995065563,BM25
23,444,777,asymmetric,True,1.5076235855001883,BM25
24,393,312,asymmetric,True,1.7636440675019345,TF-IDF
25,473,339,asymmetric,True,1.7802467717964066,TF-IDF
26,317,531,asymmetric,True,0.24559748797583164,BM25
27,508,80,asymmetric,True,1.4011878922127345,BM25
28,424,424,asymmetric,True,0.7164976553101184,TF-IDF
29,264,68,asymmetric,True,1.5623355771815202,TF-IDF
30,741,0,asymmetric,True,0.051457016702056005,none
31,688,1000,asymmetric,True,0.7321856863517692,TF-IDF
32,742,468,asymmetric,True,0.55075759614037,TF-IDF
33,751,248,asymmetric,True,0.43821380641289565,TF-IDF
34,1000,361,asymmetric,True,0.20419101794393818,TF-IDF
35,688,0,asymmetric,True,0.4130627807845511,TF-IDF
36,658,0,asymmetric,True,0.4099566424248397,TF-IDF
37,682,0,asymmetric,True,0.4479900033388178,TF-IDF
38,681,0,asymmetric,True,0.47081653907241733,TF-IDF
39,680,0,asymmetric,True,0.46502151331489444,TF-IDF
40,13,812,asymmetric,True,0.003714679345840911,TF-IDF
41,1000,1000,asymmetric,True,2.0,none
42,987,156,asymmetric,True,0.012757416611605125,none
43,280,915,asymmetric,True,0.9632743057740178,none
44,997,381,asymmetric,True,1.9775633158847046,TF-IDF
45,818,646,asymmetric,True,0.002224240875645656,TF-IDF
46,511,0,asymmetric,True,0.43961516411948015,none
47,1000,0,asymmetric,True,0.0,TF-IDF
48,488,895,asymmetric,True,1.9994193133285676,none
49,506,0,asymmetric,True,0.4551779616623838,none
50,687,44,asymmetric,True,1.1964810199947353,none
51,493,1000,asymmetric,True,0.4061932142194139,none
52,994,14,asymmetric,True,0.7977137915640904,TF-IDF
53,579,0,asymmetric,True,0.39929841125245175,TF-IDF
54,591,0,asymmetric,True,0.39987784474464644,none
55,875,36,asymmetric,True,1.9911443824348949,none
56,556,6,asymmetric,True,0.021865946601001832,TF-IDF
57,17,998,asymmetric,True,1.9940204444425818,none
58,9,285,asymmetric,True,0.864360189227634,none
59,469,0,asymmetric,True,0.40460587467686826,TF-IDF
60,354,20,asymmetric,True,0.0703512582042143,none
61,475,0,asymmetric,True,0.43783360974219515,TF-IDF
62,487,0,asymmetric,True,0.44007781594355466,TF-IDF
63,478,0,asymmetric,True,0.44239983391467436,TF-IDF
64,1000,763,asymmetric,True,0.0,BM25
65,8,247,asymmetric,True,1.9697986361056659,BM25
66,988,9,asymmetric,True,1.9957523072025238,BM25
67,996,831,asymmetric,True,1.331350635900798,TF-IDF
68,473,0,asymmetric,True,0.4311690657827944,TF-IDF
69,474,0,asymmetric,True,0.4302097390821018,TF-IDF
70,7,66,asymmetric,True,0.01526981175628839,BM25
71,474,0,asymmetric,True,0.4357632615166596,TF-IDF
72,999,986,asymmetric,True,0.02063132012761471,none
73,470,0,asymmetric,True,0.439896261962148,TF-IDF
74,259,299,asymmetric,True,1.974770530715102,none
75,1000,116,asymmetric,True,0.4291127761984105,none
76,10,945,asymmetric,True,0.7340852725477766,BM25
77,458,0,asymmetric,True,0.45181740067457227,TF-IDF
78,456,0,asymmetric,True,0.45370301294351406,TF-IDF
79,986,939,asymmetric,True,0.6803704197066552,BM25
80,257,38,asymmetric,True,0.024508017310081127,TF-IDF
81,437,0,asymmetric,True,0.44808716760917,TF-IDF
82,442,0,asymmetric,True,0.4454734922672854,TF-IDF
83,442,0,asymmetric,True,0.44551340574954984,TF-IDF
84,442,0,asymmetric,True,0.4454085853888021,TF-IDF
85,427,2,asymmetric,True,1.0413283765055532,none
86,1000,1000,asymmetric,True,0.5098298102403568,TF-IDF
87,463,0,asymmetric,True,0.3700919945520345,none
88,757,990,asymmetric,True,1.8552244283498232,none
89,290,988,asymmetric,True,0.4087453563567841,none
90,884,0,asymmetric,True,0.2843826936210585,TF-IDF
91,554,0,asymmetric,True,0.41284389212831624,TF-IDF
92,556,995,asymmetric,True,1.2534560147430716,TF-IDF
93,926,413,asymmetric,True,0.2556959645669663,TF-IDF
94,605,966,asymmetric,True,0.061418470701129615,TF-IDF
95,555,0,asymmetric,True,0.4137019040372695,TF-IDF
96,555,0,asymmetric,True,0.4137465505132539,none
97,568,0,asymmetric,True,0.43321271952441825,TF-IDF
98,312,993,asymmetric,True,1.2851285687460436,TF-IDF
99,569,0,asymmetric,True,0.43154456704142036,TF-IDF
