,topK,shrink,similarity,normalize,feature_weighting
0,697,0,euclidian,True,TF-IDF
1,606,1,euclidian,True,TF-IDF
2,662,1,euclidian,True,TF-IDF
3,794,0,euclidian,True,none
4,650,0,euclidian,True,BM25
5,796,1,euclidian,True,TF-IDF
6,615,0,euclidian,False,TF-IDF
7,731,1,euclidian,True,BM25
8,796,1,euclidian,True,none
9,770,0,euclidian,True,none
10,697,0,euclidian,False,none
11,698,0,euclidian,True,TF-IDF
12,611,0,euclidian,True,BM25
13,714,1,euclidian,True,none
14,768,0,euclidian,True,BM25
15,778,0,euclidian,False,TF-IDF
16,734,0,euclidian,True,none
17,712,1,euclidian,True,BM25
18,733,1,euclidian,False,none
19,775,0,euclidian,False,none
20,617,1,euclidian,True,TF-IDF
21,647,1,euclidian,False,BM25
22,800,1,euclidian,False,BM25
23,780,0,euclidian,True,BM25
24,776,0,euclidian,False,TF-IDF
25,678,1,euclidian,True,none
26,725,0,euclidian,True,TF-IDF
27,622,1,euclidian,False,none
28,769,1,euclidian,False,TF-IDF
29,742,1,euclidian,True,TF-IDF
30,,,,,
31,,,,,
32,,,,,
33,,,,,
34,,,,,
35,,,,,
36,,,,,
37,,,,,
38,,,,,
39,,,,,
40,,,,,
41,,,,,
42,,,,,
43,,,,,
44,,,,,
45,,,,,
46,,,,,
47,,,,,
48,,,,,
49,,,,,
50,,,,,
51,,,,,
52,,,,,
53,,,,,
54,,,,,
55,,,,,
56,,,,,
57,,,,,
58,,,,,
59,,,,,
60,,,,,
61,,,,,
62,,,,,
63,,,,,
64,,,,,
65,,,,,
66,,,,,
67,,,,,
68,,,,,
69,,,,,
70,,,,,
71,,,,,
72,,,,,
73,,,,,
74,,,,,
75,,,,,
76,,,,,
77,,,,,
78,,,,,
79,,,,,
80,,,,,
81,,,,,
82,,,,,
83,,,,,
84,,,,,
85,,,,,
86,,,,,
87,,,,,
88,,,,,
89,,,,,
90,,,,,
91,,,,,
92,,,,,
93,,,,,
94,,,,,
95,,,,,
96,,,,,
97,,,,,
98,,,,,
99,,,,,
