,topK,shrink,similarity,normalize,feature_weighting
0,616,1,cosine,True,TF-IDF
1,799,1,cosine,False,BM25
2,713,1,cosine,False,TF-IDF
3,724,1,cosine,True,BM25
4,627,1,cosine,False,BM25
5,624,0,cosine,False,BM25
6,792,0,cosine,False,TF-IDF
7,645,1,cosine,True,TF-IDF
8,605,0,cosine,False,TF-IDF
9,765,0,cosine,False,TF-IDF
10,713,1,cosine,True,TF-IDF
11,774,0,cosine,False,TF-IDF
12,672,1,cosine,False,BM25
13,740,1,cosine,False,BM25
14,669,0,cosine,False,TF-IDF
15,685,1,cosine,False,TF-IDF
16,622,1,cosine,False,TF-IDF
17,792,1,cosine,False,TF-IDF
18,630,1,cosine,False,BM25
19,688,1,cosine,False,TF-IDF
20,745,0,cosine,True,TF-IDF
21,751,1,cosine,True,BM25
22,723,1,cosine,True,TF-IDF
23,604,0,cosine,True,BM25
24,676,1,cosine,False,BM25
25,757,0,cosine,True,none
26,763,1,cosine,False,BM25
27,654,0,cosine,True,BM25
28,780,1,cosine,True,none
29,675,0,cosine,False,BM25
30,600,1,cosine,False,none
31,799,0,cosine,False,none
32,600,1,cosine,True,none
33,798,1,cosine,True,BM25
34,800,0,cosine,True,none
35,800,1,cosine,True,none
36,610,0,cosine,False,none
37,741,1,cosine,False,none
38,746,1,cosine,False,BM25
39,727,1,cosine,True,TF-IDF
40,739,0,cosine,False,TF-IDF
41,732,1,cosine,True,none
42,749,1,cosine,False,none
43,613,1,cosine,False,none
44,634,0,cosine,True,TF-IDF
45,749,1,cosine,True,none
46,800,1,cosine,True,none
47,747,1,cosine,True,none
48,745,1,cosine,True,none
49,746,0,cosine,True,none
50,620,1,cosine,True,TF-IDF
51,751,1,cosine,True,none
52,604,1,cosine,True,TF-IDF
53,757,1,cosine,False,TF-IDF
54,752,1,cosine,True,none
55,778,1,cosine,False,none
56,749,1,cosine,True,none
57,750,1,cosine,True,none
58,643,1,cosine,True,TF-IDF
59,788,1,cosine,False,TF-IDF
60,678,1,cosine,False,TF-IDF
61,759,1,cosine,True,none
62,789,0,cosine,False,none
63,739,0,cosine,True,none
64,656,1,cosine,True,TF-IDF
65,639,0,cosine,False,TF-IDF
66,752,1,cosine,True,TF-IDF
67,733,1,cosine,True,none
68,765,0,cosine,False,BM25
69,763,1,cosine,True,none
70,600,1,cosine,True,TF-IDF
71,762,1,cosine,True,TF-IDF
72,785,1,cosine,True,TF-IDF
73,699,0,cosine,True,TF-IDF
74,665,0,cosine,False,TF-IDF
75,662,1,cosine,True,BM25
76,732,0,cosine,True,none
77,762,1,cosine,False,none
78,617,0,cosine,True,BM25
79,609,1,cosine,True,none
80,641,1,cosine,False,TF-IDF
81,719,0,cosine,False,TF-IDF
82,721,1,cosine,True,none
83,764,0,cosine,True,none
84,769,1,cosine,True,none
85,783,1,cosine,True,none
86,799,1,cosine,True,none
87,751,0,cosine,True,none
88,747,1,cosine,False,TF-IDF
89,636,0,cosine,True,none
90,768,1,cosine,True,none
91,768,1,cosine,True,none
92,768,1,cosine,True,none
93,652,1,cosine,True,none
94,714,1,cosine,True,TF-IDF
95,621,1,cosine,False,BM25
96,772,1,cosine,True,none
97,770,0,cosine,True,none
98,770,0,cosine,True,none
99,608,1,cosine,False,TF-IDF
